{
    "Bicubic": {
        "PSNR": 27.00685622913676,
        "PSNR_std": 0.20282348970714498,
        "SSIM": 0.821241021156311,
        "SSIM_std": 0.004868172109127045,
        "LPIPS": 0.3244906606582495,
        "LPIPS_std": 0.006106553037969879,
        "MSE": 0.00908619133480944,
        "MSE_std": 0.00045343552319341505,
        "MAE": 0.05387744653778963,
        "MAE_std": 0.0014219008204451127
    }
}