{
    "RRDBNet": {
        "PSNR": 30.02020355351434,
        "PSNR_std": 0.22927475394968197,
        "SSIM": 0.8906881809234619,
        "SSIM_std": 0.003984799608588219,
        "LPIPS": 0.1474481955743753,
        "LPIPS_std": 0.004975395841557882,
        "MSE": 0.004797322333802302,
        "MSE_std": 0.0003099019218956582,
        "MAE": 0.03831327642099215,
        "MAE_std": 0.0011544775724113543
    }
}