{
    "Diffusion": {
        "PSNR": 27.832103573915248,
        "PSNR_std": 0.23827394257606502,
        "SSIM": 0.8408425450325012,
        "SSIM_std": 0.005222691688686609,
        "LPIPS": 0.060628595714194655,
        "LPIPS_std": 0.0023101549134648546,
        "MSE": 0.0080186649142072,
        "MSE_std": 0.0005166142917543967,
        "MAE": 0.05025703858775206,
        "MAE_std": 0.0015370147408601562
    }
}